{
    "project_instructions": {
        "edge_cuts": {
            "width": 100,
            "height": 100
        },
        "component_placement": [
            {
                "pattern": "circle",
                "refs": [
                    "LED1",
                    "LED2",
                    "LED3",
                    "LED4",
                    "LED5",
                    "LED6",
                    "LED7",
                    "LED8"
                ],
                "placement": {
                    "center": {
                        "x": 50,
                        "y": 50
                    },
                    "radius": 40,
                    "start_angle": 0,
                    "end_angle": 360,
                    "direction": "ccw"
                }
            },
            {
                "pattern": "column",
                "refs": [
                    "SW1",
                    "SW2",
                    "SW3"
                ],
                "placement": {
                    "x": 10,
                    "start_y": 20,
                    "end_y": 80
                }
            },
            {
                "type": "rotary_encoder",
                "ref": "ENC1",
                "position": {
                    "x": 15,
                    "y": 15
                }
            },
            {
                "type": "pinheader",
                "ref": "J1",
                "placement": {
                    "side": "bottom",
                    "distance_from_edge": 5,
                    "y": 50
                }
            }
        ]
    },
    "components": [
        {
            "ref": "SW1",
            "footprint": "/home/agni-deva/Descargas/devatec_v2.1/output_project/footprints/SW_PUSH_6mm_H4.3mm.kicad_mod"
        },
        {
            "ref": "SW2",
            "footprint": "/home/agni-deva/Descargas/devatec_v2.1/output_project/footprints/SW_PUSH_6mm_H4.3mm.kicad_mod"
        },
        {
            "ref": "SW3",
            "footprint": "/home/agni-deva/Descargas/devatec_v2.1/output_project/footprints/SW_PUSH_6mm_H4.3mm.kicad_mod"
        },
        {
            "ref": "ENC1",
            "footprint": "/home/agni-deva/Descargas/devatec_v2.1/output_project/footprints/RotaryEncoder_Alps_EC11E_Vertical_H20mm.kicad_mod"
        },
        {
            "ref": "J1",
            "footprint": "/home/agni-deva/Descargas/devatec_v2.1/output_project/footprints/PinHeader_2x12_P2.54mm_Vertical.kicad_mod"
        },
        {
            "ref": "LED1",
            "footprint": "/home/agni-deva/Descargas/devatec_v2.1/output_project/footprints/LED_WS2812-2020.kicad_mod"
        },
        {
            "ref": "LED2",
            "footprint": "/home/agni-deva/Descargas/devatec_v2.1/output_project/footprints/LED_WS2812-2020.kicad_mod"
        },
        {
            "ref": "LED3",
            "footprint": "/home/agni-deva/Descargas/devatec_v2.1/output_project/footprints/LED_WS2812-2020.kicad_mod"
        },
        {
            "ref": "LED4",
            "footprint": "/home/agni-deva/Descargas/devatec_v2.1/output_project/footprints/LED_WS2812-2020.kicad_mod"
        },
        {
            "ref": "LED5",
            "footprint": "/home/agni-deva/Descargas/devatec_v2.1/output_project/footprints/LED_WS2812-2020.kicad_mod"
        },
        {
            "ref": "LED6",
            "footprint": "/home/agni-deva/Descargas/devatec_v2.1/output_project/footprints/LED_WS2812-2020.kicad_mod"
        },
        {
            "ref": "LED7",
            "footprint": "/home/agni-deva/Descargas/devatec_v2.1/output_project/footprints/LED_WS2812-2020.kicad_mod"
        },
        {
            "ref": "LED8",
            "footprint": "/home/agni-deva/Descargas/devatec_v2.1/output_project/footprints/LED_WS2812-2020.kicad_mod"
        }
    ],
    "nets": [
        "GND",
        "VCC",
        "DATA"
    ],
    "outline": {
        "type": "rect",
        "origin": [
            0,
            0
        ],
        "size": [
            100,
            100
        ]
    },
    "zones": [
        {
            "layer": "F.Cu",
            "net": "GND"
        }
    ]
}