{
  "components": [
    {
      "reference": "ENC1",
      "footprint": "/home/agni-deva/Documentos/footprints/Rotary_Encoder.pretty/RotaryEncoder_Alps_EC11E-Switch_Vertical_H20mm.kicad_mod",
      "value": "RotaryEncoder",
      "position": [
        40,
        20
      ],
      "pins": {
        "S1": "GND",
        "S2": "PIN1",
        "A": "VCC",
        "B": "PIN2",
        "C": "PIN3"
      }
    },
    {
      "reference": "J1",
      "footprint": "/home/agni-deva/Documentos/footprints/Connector_PinHeader_2.54mm.pretty/PinHeader_1x05_P2.54mm_Vertical.kicad_mod",
      "value": "PinHeader_1x05",
      "position": [
        20,
        20
      ],
      "pins": {
        "1": "PIN1",
        "2": "PIN2",
        "3": "PIN3",
        "4": "PIN4",
        "5": "PIN5"
      }
    },
    {
      "reference": "D1",
      "footprint": "/home/agni-deva/Documentos/footprints/WS2812-2020.pretty/LED_WS2812-2020.kicad_mod",
      "value": "NeoPixel_WS2812",
      "position": [
        60,
        20
      ],
      "pins": {
        "1": "VCC",
        "2": "PIN4",
        "3": "GND",
        "4": "PIN5"
      }
    }
  ],
  "nets": [
    "VCC",
    "GND",
    "PIN1",
    "PIN2",
    "PIN3",
    "PIN4",
    "PIN5"
  ],
  "outline": {
    "type": "rect",
    "origin": [
      0,
      0
    ],
    "size": [
      80,
      60
    ]
  },
  "zones": [
    {
      "layer": "F.Cu",
      "net": "GND"
    },
    {
      "layer": "B.Cu",
      "net": "VCC"
    }
  ],
  "freerouting": {
    "path": "/home/agni-deva/Documentos/freerouting-2.1.0-linux-x64/lib/app/freerouting-executable.jar"
  }
}