{
  "$schema": "https://example.com/pcb_component_schema.json",
  "project": {
    "name": "Nombre del proyecto",
    "description": "Breve descripción del proyecto",
    "author": "Nombre del autor",
    "version": "1.0.0",
    "date": "2025-06-16"
  },
  "pcb": {
    "width_mm": 100,
    "height_mm": 100,
    "outline": {
      "type": "rect",
      "origin": [0, 0],
      "size": [100, 100]
    },
    "zones": [
      {
        "layer": "F.Cu",
        "net": "GND",
        "outline": "pcb.outline"  // Puede usar el contorno principal, o definir uno propio
      }
    ],
    "rules": [
      "must_have_gnd",
      "must_have_vcc",
      "min_trace_width_0.25mm",
      "clearance_0.2mm"
    ]
  },
  "nets": [
    {
      "name": "GND",
      "type": "power"
    },
    {
      "name": "VCC",
      "type": "power"
    },
    {
      "name": "DATA",
      "type": "signal"
    }
  ],
  "components": [
    {
      "ref": "U1",
      "type": "IC",
      "description": "Microcontrolador ATmega328P",
      "footprint": "Housings_DIP:DIP-28_W7.62mm",
      "pin_count": 28,
      "pins": [
        {"number": "1",  "name": "RESET", "net": "RESET", "function": "reset"},
        {"number": "7",  "name": "VCC",   "net": "VCC",   "function": "power"},
        {"number": "8",  "name": "GND",   "net": "GND",   "function": "ground"},
        {"number": "9",  "name": "XTAL1", "net": "XTAL1", "function": "clock"},
        {"number": "10", "name": "XTAL2", "net": "XTAL2", "function": "clock"}
        // ...otros pines...
      ],
      "characteristics": {
        "voltage": "2.7-5.5V",
        "max_current_mA": 200,
        "package": "DIP-28"
      },
      "connects_to": [
        {"ref": "J1", "net": "VCC"},
        {"ref": "J1", "net": "GND"}
      ],
      "mandatory": true
    },
    {
      "ref": "LED1",
      "type": "LED",
      "footprint": "LED_SMD:LED_WS2812-2020",
      "pin_count": 4,
      "pins": [
        {"number": "1", "name": "DIN",  "net": "DATA"},
        {"number": "2", "name": "VDD",  "net": "VCC"},
        {"number": "3", "name": "DOUT", "net": "DATA"},
        {"number": "4", "name": "GND",  "net": "GND"}
      ],
      "characteristics": {
        "voltage": "5V",
        "max_current_mA": 60,
        "color": "RGB"
      },
      "mandatory": false
    },
    {
      "ref": "J1",
      "type": "connector",
      "subtype": "pinheader",
      "footprint": "Connector_PinHeader_2.54mm:PinHeader_1x15_P2.54mm_Vertical",
      "pin_count": 15,
      "pins": [
        {"number": "1", "name": "VCC", "net": "VCC"},
        {"number": "2", "name": "GND", "net": "GND"}
        // ...otros pines...
      ],
      "characteristics": {
        "rows": 1,
        "columns": 15,
        "pitch_mm": 2.54
      },
      "mandatory": true
    }
    // ...más componentes...
  ],
  "component_placement": [
    {
      "pattern": "circle",
      "refs": ["LED1", "LED2", "LED3", "LED4", "LED5", "LED6", "LED7", "LED8"],
      "placement": {
        "center": {"x": 50, "y": 50},
        "radius": 40,
        "start_angle": 0,
        "end_angle": 360,
        "direction": "ccw"
      }
    },
    {
      "pattern": "column",
      "refs": ["SW1", "SW2", "SW3"],
      "placement": {
        "x": 10,
        "start_y": 20,
        "end_y": 80
      }
    },
    {
      "type": "rotary_encoder",
      "ref": "ENC1",
      "position": {"x": 15, "y": 15}
    },
    {
      "type": "pinheader",
      "ref": "J1",
      "placement": {
        "side": "bottom",
        "distance_from_edge": 5,
        "y": 50
      }
    }
    // ...más distribuciones...
  ],
  "constraints": [
    {"rule": "no_overlap", "severity": "error"},
    {"rule": "min_distance_between_components", "value_mm": 2, "severity": "warning"}
  ]
}