{
  "metadata": {
    "version": "2.4",
    "author": "Audio Deva",
    "date": "2025-06-20",
    "units": "mm"
  },
  "board": {
    "edge_cuts": {
      "shape": "rect",
      "origin": [
        0,
        0
      ],
      "size": [
        50,
        50
      ],
      "corner_radius": 0.5
    },
    "zones": [
      {
        "layer": "F.Cu",
        "net": "GND",
        "clearance": 0.3
      },
      {
        "layer": "B.Cu",
        "net": "GND",
        "clearance": 0.3
      }
    ]
  },
  "nets": [
    "5V",
    "GND",
    "DIN",
    "DOUT",
    "ENC_A",
    "ENC_B",
    "ENC_C",
    "ENC_SW1",
    "ENC_SW2"
  ],
  "components": [
    {
      "reference": "ENC1",
      "value": "EC11E",
      "footprint": "Rotary_Encoder.pretty/RotaryEncoder_Alps_EC11E-Switch_Vertical_H20mm.kicad_mod",
      "side": "F",
      "rotation": 0,
      "pins": {
        "1": "ENC_A",
        "2": "ENC_B",
        "3": "ENC_C",
        "4": "ENC_SW1",
        "5": "ENC_SW2"
      }
    },
    {
      "reference": "LED1",
      "value": "WS2812-2020",
      "footprint": "WS2812-2020.pretty/LED_WS2812-2020.kicad_mod",
      "side": "F",
      "rotation": 0,
      "pins": {
        "1": "5V",
        "2": "GND",
        "3": "DIN",
        "4": "DOUT"
      }
    },
    {
      "reference": "J1",
      "value": "PinHeader_1x09_P2.54mm",
      "footprint": "Connector_PinHeader_2.54mm.pretty/PinHeader_1x09_P2.54mm_Vertical.kicad_mod",
      "side": "F",
      "rotation": 0,
      "pins": {
        "1": "5V",
        "2": "GND",
        "3": "DIN",
        "4": "ENC_A",
        "5": "ENC_B",
        "6": "ENC_C",
        "7": "ENC_SW1",
        "8": "ENC_SW2",
        "9": "DOUT"
      }
    }
  ],
  "placement_instructions": [
    {
      "pattern": "row",
      "refs": [
        "ENC1",
        "LED1",
        "J1"
      ],
      "start": [
        10,
        25
      ],
      "pitch": 12
    }
  ]
}