{
  "//": "PLANTILLA DE INSTRUCCI\u00d3N JSON PARA GENERACI\u00d3N DE PCB AUTOMATIZADA",
  "board": {
    "shape": "rect",
    "origin": [
      0,
      0
    ],
    "size": [
      50,
      50
    ],
    "corner_radius": 1
  },
  "zones": [
    {
      "layer": "F.Cu",
      "net": "GND",
      "clearance": 0.3
    },
    {
      "layer": "B.Cu",
      "net": "VCC",
      "clearance": 0.3
    }
  ],
  "mounting_holes": [],
  "components": [
    {
      "ref": "ENC1",
      "footprint": "Rotary_Encoder.pretty/RotaryEncoder_Alps_EC11E-Switch_Vertical_H20mm.kicad_mod",
      "position": [
        10,
        25
      ]
    },
    {
      "ref": "LED1",
      "footprint": "WS2812-2020.pretty/LED_WS2812-2020.kicad_mod",
      "position": [
        25,
        25
      ],
      "//": "Puede ir 'right_of ENC1', 'below LED1', etc. si se usa preprocesador"
    },
    {
      "ref": "J1",
      "footprint": "Connector_PinHeader_2.54mm.pretty/PinHeader_1x09_P2.54mm_Vertical.kicad_mod",
      "position": [
        40,
        25
      ]
    }
  ],
  "nets": [
    "GND",
    "VCC",
    "ENC1A",
    "ENC1B",
    "SW",
    "LED_VIN",
    "LED_GND",
    "LED_DI",
    "LED_DO"
  ],
  "connections": [
    {
      "from": "ENC1.1",
      "to": "J1.1",
      "net": "ENC1A"
    },
    {
      "from": "ENC1.2",
      "to": "J1.2",
      "net": "ENC1B"
    },
    {
      "from": "ENC1.3",
      "to": "J1.3",
      "net": "SW"
    },
    {
      "from": "ENC1.4",
      "to": "J1.4",
      "net": "GND"
    },
    {
      "from": "ENC1.5",
      "to": "J1.5",
      "net": "VCC"
    },
    {
      "from": "LED1.1",
      "to": "J1.6",
      "net": "LED_VIN"
    },
    {
      "from": "LED1.2",
      "to": "J1.7",
      "net": "LED_GND"
    },
    {
      "from": "LED1.3",
      "to": "J1.8",
      "net": "LED_DI"
    },
    {
      "from": "LED1.4",
      "to": "J1.9",
      "net": "LED_DO"
    }
  ]
}